Variable #,Variable Name,category,subcategory,Wave,Description,Coding,Notes
0,idauniq,id,n/a,both,unique individual serial number,103716 - 165351,
1,frail_cat6,outcome variable,frailty,6,fried frailty category at wave 6,"1 = non-frail, 2 = pre-frail, 3 = frail",
2,frail_cat8,outcome variable,frailty,8,fried frailty category at wave 8 ,"1 = non-frail, 2 = pre-frail, 3 = frail",
3,r6agey,demographics,age,both,respondent�s age in years at the time of the wave 6 interview,50 - 90,
4,ragender,demographics,gender,both,respondent's gender,"1 = men, 2 = women",
5,raracem,demographics,race,both,respondent's race,"1 = white, 4 = non-white",
6,raeduc_e,demographics,education,both,respondent's level of education,"1 = less than high school, 3 = high school graduate, 4 = some college,  5 = college and above, -13 = NaN, -15 = NaN, -18 = NaN",
7,raeducl,demographics,education,both,harmonized level of education,"1 = less than high school, 3 = high school graduate, 4 = some college,  5 = college and above, -13 = NaN, -15 = NaN, -18 = NaN",
8,r6mstath,demographics,marital status,both,w6 r current marital status,"1 = married or civil partnership, 3 = implied partnership via couple id, 4 = separated, 5 = divorced, 7 = widowed, 8 = never married, -4 = NaN",
9,r8mstath,demographics,marital status,both,w8 r current marital status,"1 = married or civil partnership, 3 = implied partnership via couple id, 4 = separated, 5 = divorced, 7 = widowed, 8 = never married, -4 = NaN",
10,rabplace,demographics,birthplace,both,r place of birth,"1 = inside UK, 11 = outside of the UK",
11,r6shlt,health,self-report,6,w6 self-report health,"1 = very good, 2 = good, 3 = fair, 4 = bad, 5 = very bad, -18 = NaN",
12,r8shlt,health,self-report,8,w8 self-report health,"1 = very good, 2 = good, 3 = fair, 4 = bad, 5 = very bad, -18 = NaN",
13,r6hlthlm,health,self-report,6,w6 hlth problems limit work,"0 = not limited, 1 = limited, -4 = NaN",
14,r8hlthlm,health,self-report,8,w8 hlth problems limit work,"0 = not limited, 1 = limited, -4 = NaN",
15,r6walkra,health,ADL,6,w6 ADL: Some difficulties walking across room,"0 = no problems, 1 = some difficulties, -18 = naN",
16,r8walkra,health,ADL,8,w8 ADL: Some difficulties walking across room,"0 = no problems, 1 = some difficulties, -18 = naN",
17,r6batha,health,ADL,6,"w6 ADL: Some difficulties bathing, showering","0 = no problems, 1 = some difficulties, -18 = naN",
18,r8batha,health,ADL,8,"w8 ADL: Some difficulties bathing, showering","0 = no problems, 1 = some difficulties, -18 = naN",
19,r6eata,health,ADL,6,w6 ADL: Some difficulties eating,"0 = no problems, 1 = some difficulties, -18 = naN",
20,r8eata,health,ADL,8,w8 ADL: Some difficulties eating,"0 = no problems, 1 = some difficulties, -18 = naN",
21,r6beda,health,ADL,6,w6 ADL: Some difficulties getting in/out of bed,"0 = no problems, 1 = some difficulties, -18 = naN",
22,r8beda,health,ADL,8,w8 ADL: Some difficulties getting in/out of bed,"0 = no problems, 1 = some difficulties, -18 = naN",
23,r6toilta,health,ADL,6,w6 ADL: Some difficulties using the toilet,"0 = no problems, 1 = some difficulties, -18 = naN",
24,r8toilta,health,ADL,8,w8 ADL: Some difficulties using the toilet,"0 = no problems, 1 = some difficulties, -18 = naN",
25,r6mapa,health,IADL,6,w6 IADL: Some difficulties using a map,"0 = no problems, 1 = some difficulties, -18 = naN",
26,r8mapa,health,IADL,8,w8 IADL: Some difficulties using a map,"0 = no problems, 1 = some difficulties, -18 = naN",
27,r6phonea,health,IADL,6,w6 IADL: Some difficulties using a telephone,"0 = no problems, 1 = some difficulties, -18 = naN",
28,r8phonea,health,IADL,8,w8 IADL: Some difficulties using a telephone,"0 = no problems, 1 = some difficulties, -18 = naN",
29,r6moneya,health,IADL,6,w6 IADL: Some difficulties managing money,"0 = no problems, 1 = some difficulties, -18 = naN",
30,r8moneya,health,IADL,8,w8 IADL: Some difficulties managing money,"0 = no problems, 1 = some difficulties, -18 = naN",
31,r6medsa,health,IADL,6,w6 IADL: Some difficulties taking medications,"0 = no problems, 1 = some difficulties, -18 = naN",
32,r8medsa,health,IADL,8,w8 IADL: Some difficulties taking medications,"0 = no problems, 1 = some difficulties, -18 = naN",
33,r6shopa,health,IADL,6,w6 IADL: Some difficulties shopping for groceries,"0 = no problems, 1 = some difficulties, -18 = naN",
34,r8shopa,health,IADL,8,w8 IADL: Some difficulties shopping for groceries,"0 = no problems, 1 = some difficulties, -18 = naN",
35,r6mealsa,health,IADL,6,w6 IADL: Some difficulties preparing hot meal,"0 = no problems, 1 = some difficulties, -18 = naN",
36,r8mealsa,health,IADL,8,w8 IADL: Some difficulties preparing hot meal,"0 = no problems, 1 = some difficulties, -18 = naN",
37,r6housewka,health,IADL,6,w6 IADL: Some difficulties doing work around house/garden,"0 = no problems, 1 = some difficulties, -18 = naN",
38,r8housewka,health,IADL,8,w8 IADL: Some difficulties doing work around house/garden,"0 = no problems, 1 = some difficulties, -18 = naN",
39,r6dangera,health,IADL,6,w6 IADL: Some difficulties recorgnizing when in physical danger,"0 = no problems, 1 = some difficulties, -18 = naN",
40,r8dangera,health,IADL,8,w8 IADL: Some difficulties recorgnizing when in physical danger,"0 = no problems, 1 = some difficulties, -18 = naN",
41,r6communa,health,IADL,6,w6 IADL: Some difficulties communication,"0 = no problems, 1 = some difficulties, -18 = naN",
42,r8communa,health,IADL,8,w8 IADL: Some difficulties communication,"0 = no problems, 1 = some difficulties, -18 = naN",
43,r6walk100a,health,function limitations,6,w6 FL: Some difficulties walking 100y,"0 = no problems, 1 = some difficulties, -18 = naN",
44,r8walk100a,health,function limitations,8,w8 FL: Some difficulties walking 100y,"0 = no problems, 1 = some difficulties, -18 = naN",
45,r6sita,health,function limitations,6,w6 FL: Some difficulties sitting for 2 hours,"0 = no problems, 1 = some difficulties, -18 = naN",
46,r8sita,health,function limitations,8,w8 FL: Some difficulties sitting for 2 hours,"0 = no problems, 1 = some difficulties, -18 = naN",
47,r6chaira,health,function limitations,6,w6 FL: Some difficulties getting up from chair after sitting for long periods,"0 = no problems, 1 = some difficulties, -18 = naN",
48,r8chaira,health,function limitations,8,w8 FL: Some difficulties getting up from chair after sitting for long periods,"0 = no problems, 1 = some difficulties, -18 = naN",
49,r6climsa,health,function limitations,6,w6 FL: Some difficulties climbing several flight of stairs without resting,"0 = no problems, 1 = some difficulties, -18 = naN",
50,r8climsa,health,function limitations,8,w8 FL: Some difficulties climbing several flight of stairs without resting,"0 = no problems, 1 = some difficulties, -18 = naN",
51,r6clim1a,health,function limitations,6,w6 FL: Some difficulties climbing 1 flight of stairs without resting,"0 = no problems, 1 = some difficulties, -18 = naN",
52,r8clim1a,health,function limitations,8,w8 FL: Some difficulties climbing 1 flight of stairs without resting,"0 = no problems, 1 = some difficulties, -18 = naN",
53,r6stoopa,health,function limitations,6,"w6 FL: Some difficulties stooping, kneeling, crouching","0 = no problems, 1 = some difficulties, -18 = naN",
54,r8stoopa,health,function limitations,8,"w8 FL: Some difficulties stooping, kneeling, crouching","0 = no problems, 1 = some difficulties, -18 = naN",
55,r6lifta,health,function limitations,6,w6 FL: Some difficulties lifting/carrying 10lbs,"0 = no problems, 1 = some difficulties, -18 = naN",
56,r8lifta,health,function limitations,8,w8 FL: Some difficulties lifting/carrying 10lbs,"0 = no problems, 1 = some difficulties, -18 = naN",
57,r6dimea,health,function limitations,6,w6 FL: Some difficulties picking up a 5p coin,"0 = no problems, 1 = some difficulties, -18 = naN",
58,r8dimea,health,function limitations,8,w8 FL: Some difficulties picking up a 5p coin,"0 = no problems, 1 = some difficulties, -18 = naN",
59,r6armsa,health,function limitations,6,w6 FL: Some difficulties reaching/extending arms up,"0 = no problems, 1 = some difficulties, -18 = naN",
60,r8armsa,health,function limitations,8,w8 FL: Some difficulties reaching/extending arms up,"0 = no problems, 1 = some difficulties, -18 = naN",
61,r6pusha,health,function limitations,6,w6 FL: Some difficulties pushing/pulling large object,"0 = no problems, 1 = some difficulties, -18 = naN",
62,r8pusha,health,function limitations,8,w8 FL: Some difficulties pushing/pulling large object,"0 = no problems, 1 = some difficulties, -18 = naN",
63,r6iadlaa,health,sum IADL,6,w6 3-item IADL sum,"0 = no problems, 1 = some difficulties, -18 = naN","sum (RwPHONEA, RwMONEYA, RwMEDSA)"
64,r8iadlaa,health,sum IADL,8,w8 3-item IADL sum,"0 = no problems, 1 = some difficulties, -18 = naN","sum (RwPHONEA, RwMONEYA, RwMEDSA)"
65,r6iadltot1_e,health,sum IADL,6,w6 7-item IADL sum,0 - 7,"sum (RwPHONEA, RwMONEYA, RwMEDSA, RwSHOPA, RwMEALSA, RwMAPA, RwHOUSEWKA)"
66,r8iadltot1_e,health,sum IADL,8,w8 7-item IADL sum,0 - 7,"sum (RwPHONEA, RwMONEYA, RwMEDSA, RwSHOPA, RwMEALSA, RwMAPA, RwHOUSEWKA)"
67,r6iadltot2_e,health,sum IADL,6,w6 9-item IADL sum,0 - 8,"sum (RwPHONEA, RwMONEYA, RwMEDSA, RwSHOPA, RwMEALSA, RwMAPA, RwHOUSEWKA, RwDANGERA, RwCOMMUNA)"
68,r8iadltot2_e,health,sum IADL,8,w8 9-item IADL sum,0 - 8,"sum (RwPHONEA, RwMONEYA, RwMEDSA, RwSHOPA, RwMEALSA, RwMAPA, RwHOUSEWKA, RwDANGERA, RwCOMMUNA)"
69,r6mobilb,health,mobility,6,w6  4-item mobility,0 - 4,"sum (RwWALK100A, RwWALKRA, RwCLIMSA, RwCLIM1A)"
70,r8mobilb,health,mobility,8,w8 4-item mobility,0 - 4,"sum (RwWALK100A, RwWALKRA, RwCLIMSA, RwCLIM1A)"
71,r6mobilsev,health,mobility,6,w6 7-item mobility,0 - 7,"sum (RwWALK100A, RwCLIMSA, RwCHAIRA, RwSTOOPA, RwARMSA, RwLIFTA, RwDIMEA)"
72,r8mobilsev,health,mobility,8,w8 7-item mobility,0 - 7,"sum (RwWALK100A, RwCLIMSA, RwCHAIRA, RwSTOOPA, RwARMSA, RwLIFTA, RwDIMEA)"
73,r6lgmusa,health,mobility,6,w6 large muscle index,0 - 4,"sum (RwSITA, RwCHAIRA, RwSTOOPA, RwPUSHA)"
74,r8lgmusa,health,mobility,8,w8 large muscle index,0 - 4,"sum (RwSITA, RwCHAIRA, RwSTOOPA, RwPUSHA)"
75,r6grossa,health,mobility,6,w6 gross motor index,0 - 5,"sum (RwWALK100A, RwWALKRA, RwCLIM1A, RwBEDA, RwBATHA)"
76,r8grossa,health,mobility,8,w8 gross motor index,0 - 5,"sum (RwWALK100A, RwWALKRA, RwCLIM1A, RwBEDA, RwBATHA)"
77,r6finea,health,mobility,6,w6 fine motor index,0 - 3,"sum (RwDIMEA, RwEATA, RwDRESSA)"
78,r8finea,health,mobility,8,w8 fine motor index,0 - 3,"sum (RwDIMEA, RwEATA, RwDRESSA)"
79,r6lowermob,health,mobility,6,w6 lower body index,0 - 4,"sum (RwWALK100A, RwCLIMSA, RwCHAIRA, RwSTOOPA)"
80,r8lowermob,health,mobility,8,w8 lower body index,0 - 4,"sum (RwWALK100A, RwCLIMSA, RwCHAIRA, RwSTOOPA)"
81,r6uppermob,health,mobility,6,w6 upper body index,0 - 4,"sum (RwARMSA, RwLIFTA, RwDIMEA)"
82,r8uppermob,health,mobility,8,w8 upper body index,0 - 4,"sum (RwARMSA, RwLIFTA, RwDIMEA)"
83,r6hibpe,health,doctor diagnosed,6,w6 ever had high bp or hypertension,"0 = not been told by doctor, 1 = told by doctor they have the condition",
84,r8hibpe,health,doctor diagnosed,8,w8 ever had high bp or hypertension,"0 = not been told by doctor, 1 = told by doctor they have the condition",
85,r6diabe,health,doctor diagnosed,6,w6 ever had diabetes or high blood sugar,"0 = not been told by doctor, 1 = told by doctor they have the condition",
86,r8diabe,health,doctor diagnosed,8,w8 ever had diabetes or high blood sugar,"0 = not been told by doctor, 1 = told by doctor they have the condition",
87,r6lunge,health,doctor diagnosed,6,w6 ever had lung disease (chronic bronchitis or emphysema),"0 = not been told by doctor, 1 = told by doctor they have the condition",
88,r8lunge,health,doctor diagnosed,8,w8 ever had lung disease (chronic bronchitis or emphysema),"0 = not been told by doctor, 1 = told by doctor they have the condition",
89,r6hearte,health,doctor diagnosed,6,w6 ever had heart problems (all options),"0 = not been told by doctor, 1 = told by doctor they have the condition",
90,r8hearte,health,doctor diagnosed,8,w8 ever had heart problems (all options),"0 = not been told by doctor, 1 = told by doctor they have the condition",
91,r6stroke,health,doctor diagnosed,6,w6 ever had stroke,"0 = not been told by doctor, 1 = told by doctor they have the condition",
92,r8stroke,health,doctor diagnosed,8,w8 ever had stroke,"0 = not been told by doctor, 1 = told by doctor they have the condition",
93,r6psyche,health,doctor diagnosed,6,"w6 ever had emotional, nervous, or psychiatric problems","0 = not been told by doctor, 1 = told by doctor they have the condition",
94,r8psyche,health,doctor diagnosed,8,"w8 ever had emotional, nervous, or psychiatric problems","0 = not been told by doctor, 1 = told by doctor they have the condition",
95,r6arthre,health,doctor diagnosed,6,w6 ever had arthritis (including osteoarthritis or rheumatism),"0 = not been told by doctor, 1 = told by doctor they have the condition",
96,r8arthre,health,doctor diagnosed,8,w8 ever had arthritis (including osteoarthritis or rheumatism),"0 = not been told by doctor, 1 = told by doctor they have the condition",
97,r6asthmae,health,doctor diagnosed,6,w6 ever had asthma,"0 = not been told by doctor, 1 = told by doctor they have the condition",
98,r8asthmae,health,doctor diagnosed,8,w8 ever had asthma,"0 = not been told by doctor, 1 = told by doctor they have the condition",
99,r6hchole,health,doctor diagnosed,6,w6 ever had high cholesterol,"0 = not been told by doctor, 1 = told by doctor they have the condition",
100,r8hchole,health,doctor diagnosed,8,w8 ever had high cholesterol,"0 = not been told by doctor, 1 = told by doctor they have the condition",
101,r6catracte,health,doctor diagnosed,6,w6 ever had cataracts,"0 = not been told by doctor, 1 = told by doctor they have the condition",
102,r8catracte,health,doctor diagnosed,8,w8 ever had cataracts,"0 = not been told by doctor, 1 = told by doctor they have the condition",
103,r6parkine,health,doctor diagnosed,6,w6 ever had parkinson disease,"0 = not been told by doctor, 1 = told by doctor they have the condition",
104,r8parkine,health,doctor diagnosed,8,w8 ever had parkinson disease,"0 = not been told by doctor, 1 = told by doctor they have the condition",
105,r6hipe,health,doctor diagnosed,6,w6 ever had hip fracture,"0 = not been told by doctor, 1 = told by doctor they have the condition",
106,r8hipe,health,doctor diagnosed,8,w8 ever had hip fracture,"0 = not been told by doctor, 1 = told by doctor they have the condition",
107,r6angine,health,doctor diagnosed,6,w6 ever had angina,"0 = not been told by doctor, 1 = told by doctor they have the condition",
108,r8angine,health,doctor diagnosed,8,w8 ever had angina,"0 = not been told by doctor, 1 = told by doctor they have the condition",
109,r6hrtatte,health,doctor diagnosed,6,w6 ever had heart attack (including myocardial infarction or coronary thrombosis),"0 = not been told by doctor, 1 = told by doctor they have the condition",
110,r8hrtatte,health,doctor diagnosed,8,w8 ever had heart attack (including myocardial infarction or coronary thrombosis),"0 = not been told by doctor, 1 = told by doctor they have the condition",
111,r6conhrtfe,health,doctor diagnosed,6,w6 congestive heart failure,"0 = not been told by doctor, 1 = told by doctor they have the condition",
112,r8conhrtfe,health,doctor diagnosed,8,w8 congestive heart failure,"0 = not been told by doctor, 1 = told by doctor they have the condition",
113,r6hrtmre,health,doctor diagnosed,6,w6 ever had heart murmur,"0 = not been told by doctor, 1 = told by doctor they have the condition",
114,r8hrtmre,health,doctor diagnosed,8,w8 ever had heart murmur,"0 = not been told by doctor, 1 = told by doctor they have the condition",
115,r6hrtrhme,health,doctor diagnosed,6,w6 ever had abnormal heart rhythm,"0 = not been told by doctor, 1 = told by doctor they have the condition",
116,r8hrtrhme,health,doctor diagnosed,8,w8 ever had abnormal heart rhythm,"0 = not been told by doctor, 1 = told by doctor they have the condition",
117,r6osteoe,health,doctor diagnosed,6,w6 ever had osteoporosis,"0 = not been told by doctor, 1 = told by doctor they have the condition",
118,r8osteoe,health,doctor diagnosed,8,w8 ever had osteoporosis,"0 = not been told by doctor, 1 = told by doctor they have the condition",
119,r6angin,health,doctor diagnosed 2 years,6,w6 had angina last 2 year,"0 = no, 1 = yes, -4 = NaN, -13 = NaN",
120,r8angin,health,doctor diagnosed 2 years,8,w8 had angina last 2 year,"0 = no, 1 = yes, -4 = NaN, -13 = NaN",
121,r6hrtatt,health,doctor diagnosed 2 years,6,w6 had heart attack last 2 year,"0 = no, 1 = yes, -4 = NaN, -13 = NaN",
122,r8hrtatt,health,doctor diagnosed 2 years,8,w8 had heart attack last 2 year,"0 = no, 1 = yes, -4 = NaN, -13 = NaN",
123,r6psych,health,doctor diagnosed 2 years,6,w6 had psych problems last 2 yar,"0 = no, 1 = yes, -4 = NaN, -13 = NaN",
124,r8psych,health,doctor diagnosed 2 years,8,w8 had psych problems last 2 yar,"0 = no, 1 = yes, -4 = NaN, -13 = NaN",
125,r6rxhibp,health,doctor diagnosed treatment,6,w6 takes meds for high bp,"0 = no, 1 = yes, -4 = NaN, -13 = NaN",
126,r8rxhibp,health,doctor diagnosed treatment,8,w8 takes meds for high bp,"0 = no, 1 = yes, -4 = NaN, -13 = NaN",
127,r6rxdiabi,health,doctor diagnosed treatment,6,w6 takes insulin for diabetes,"0 = no, 1 = yes, -4 = NaN, -13 = NaN",
128,r8rxdiabi,health,doctor diagnosed treatment,8,w8 takes insulin for diabetes,"0 = no, 1 = yes, -4 = NaN, -13 = NaN",
129,r6rxdiabo,health,doctor diagnosed treatment,6,w6 takes oral meds for diabetes,"0 = no, 1 = yes, -4 = NaN, -13 = NaN",
130,r8rxdiabo,health,doctor diagnosed treatment,8,w8 takes oral meds for diabetes,"0 = no, 1 = yes, -4 = NaN, -13 = NaN",
131,r6rxdiab,health,doctor diagnosed treatment,6,w6 takes meds for diabetes,"0 = no, 1 = yes, -4 = NaN, -13 = NaN",
132,r8rxdiab,health,doctor diagnosed treatment,8,w8 takes meds for diabetes,"0 = no, 1 = yes, -4 = NaN, -13 = NaN",
133,r6rxlung,health,doctor diagnosed treatment,6,w6 takes meds for lung condition,"0 = no, 1 = yes, -4 = NaN, -13 = NaN",
134,r8rxlung,health,doctor diagnosed treatment,8,w8 takes meds for lung condition,"0 = no, 1 = yes, -4 = NaN, -13 = NaN",
135,r6rxasthma,health,doctor diagnosed treatment,6,w6 takes meds for asthma,"0 = no, 1 = yes, -4 = NaN, -13 = NaN",
136,r8rxasthma,health,doctor diagnosed treatment,8,w8 takes meds for asthma,"0 = no, 1 = yes, -4 = NaN, -13 = NaN",
137,r6rxbldthn,health,doctor diagnosed treatment,6,"w6 takes medication for heart, anticoagulant","0 = no, 1 = yes, -4 = NaN, -13 = NaN",
138,r8rxbldthn,health,doctor diagnosed treatment,8,"w8 takes medication for heart, anticoagulant","0 = no, 1 = yes, -4 = NaN, -13 = NaN",
139,r6jointre,health,medical procedures,6,w6 ever had joint replacement,"0 = no, 1 = yes, -4 = NaN, -13 = NaN",
140,r8jointre,health,medical procedures,8,w8 ever had joint replacement,"0 = no, 1 = yes, -4 = NaN, -13 = NaN",
141,r6hipre,health,medical procedures,6,w6 ever had hip replacement,"0 = no, 1 = yes, -4 = NaN, -13 = NaN",
142,r8hipre,health,medical procedures,8,w8 ever had hip replacement,"0 = no, 1 = yes, -4 = NaN, -13 = NaN",
143,r6sight,health,vision and eye treatment,6,w6 self-rated eyesight,"1 = excellent, 2 = very good, 3 = good, 4 = fair, 5 = poor, 6 =blind",
144,r8sight,health,vision and eye treatment,8,w8 self-rated eyesight,"1 = excellent, 2 = very good, 3 = good, 4 = fair, 5 = poor, 6 =blind",
145,r6hearing,health,hearing,6,w6 self-rated hearing,"1 = excellent, 2 = very good, 3 = good, 4 = fair, 5 = poor, -18 = NaN",
146,r8hearing,health,hearing,8,w8 self-rated hearing,"1 = excellent, 2 = very good, 3 = good, 4 = fair, 5 = poor, -18 = NaN",
147,r6fall,health,falls,6,w6 fallen down in last 2 years,"0 = no, 1 = yes",Respondents younger than age 60 are not asked about falling and are assigned special missing .a.
148,r8fall,health,falls,8,w8 fallen down in last 2 years,"0 = no, 1 = yes",Respondents younger than age 60 are not asked about falling and are assigned special missing .a.
149,r6falleq,health,falls,6,w6 uses equipment for falls,"0 = no, 1 = yes",
150,r8falleq,health,falls,8,w8 uses equipment for falls,"0 = no, 1 = yes",
151,r6hip,health,falls,6,w6 fractured hip in last 2 years,"0 = no, 1 = yes",Respondents younger than age 60 are not asked about falling and are assigned special missing .a.
152,r8hip,health,falls,8,w8 fractured hip in last 2 years,"0 = no, 1 = yes",Respondents younger than age 60 are not asked about falling and are assigned special missing .a.
153,r6fallslp_e,health,sleep,6,w6 trouble falling asleep,"1 = Not during the last month, 2 = Less than once a week, 3 = Once or twice a week, and 4 = Three or more times a week",
154,r8fallslp_e,health,sleep,8,w8 trouble falling asleep,"1 = Not during the last month, 2 = Less than once a week, 3 = Once or twice a week, and 4 = Three or more times a week",
155,r6wakent_e,health,sleep,6,w6 waking up during night,"1 = Not during the last month, 2 = Less than once a week, 3 = Once or twice a week, and 4 = Three or more times a week",
156,r8wakent_e,health,sleep,8,w8 waking up during night,"1 = Not during the last month, 2 = Less than once a week, 3 = Once or twice a week, and 4 = Three or more times a week",
157,r6wakeup_e,health,sleep,6,w6 waking up too early,"1 = Not at all, 2 = 1-3 days, 3 = 4-7 days, 4 = 8-14 days, 5 = 15-21 days,  6 = 22-31 days, -4 = NaN",
158,r8wakeup_e,health,sleep,8,w8 waking up too early,"1 = Not at all, 2 = 1-3 days, 3 = 4-7 days, 4 = 8-14 days, 5 = 15-21 days,  6 = 22-31 days, -4 = NaN",
159,r6painfr,health,pain,6,w6 frequent problems with pain,"0 = no, 1 = yes, -4 = NaN, -13 = NaN",
160,r8painfr,health,pain,8,w8 frequent problems with pain,"0 = no, 1 = yes, -4 = NaN, -13 = NaN",
161,r6painlv,health,pain,6,w6 usual level of pain,"0 = none, 1 = mild, 2 = moderate, 3 = severe, -4 = NaN",
162,r8painlv,health,pain,8,w8 usual level of pain,"0 = none, 1 = mild, 2 = moderate, 3 = severe, -4 = NaN",
163,r6urinai,health,urinary incontinence,6,w6 any urinary incontinence,"0 = no, 1 = yes, -13 = NaN, -19 = NaN",
164,r8urinai,health,urinary incontinence,8,w8 any urinary incontinence,"0 = no, 1 = yes, -13 = NaN, -19 = NaN",
165,r6drinkd_e,health,drinking,6,w6 # days of alcohol consumption,0 - 7,
166,r8drinkd_e,health,drinking,8,w8 # days of alcohol consumption,0 - 7,
167,r6drinkwn_e,health,drinking,6,w6 # drinks in last week,0 - 112,
168,r8drinkwn_e,health,drinking,8,w8 # drinks in last week,0 - 112,
169,r6smokev,health,smoking,6,w6 smoke ever,"0 = never smoked, 1 = ever smoked",
170,r8smokev,health,smoking,8,w8 smoke ever,"0 = never smoked, 1 = ever smoked",
171,r6smoken,health,smoking,6,w6 smoke now,"0 = not smoking now, 1 = smoking now, -18 = NaN, -4= NaN",
172,r8smoken,health,smoking,8,w8 smoke now,"0 = not smoking now, 1 = smoking now, -18 = NaN, -4= NaN",
173,r6smokef,health,smoking,6,w6 # cigarettes/day,0 - 50,
174,r8smokef,health,smoking,8,w8 # cigarettes/day,0 - 50,
175,r6hipriv,insurance,insurance,6,w6 covered by private health insurance,"0 = no private insurance, 1 = has private insurance, -18 = NaN, -4 = NaN",
176,r8hipriv,insurance,insurance,8,w8 covered by private health insurance,"0 = no private insurance, 1 = has private insurance, -18 = NaN, -4 = NaN",
177,r6cogimp,cognition,cognition,6,w6 any factors impairing cognition,"0 = no conditions impaired, 1 = at least one factor impaired, -18 = NaN",
178,r8cogimp,cognition,cognition,8,w8 any factors impairing cognition,"0 = no conditions impaired, 1 = at least one factor impaired, -18 = NaN",
179,r6imrc,cognition,word recall,6,w6 immediate word recall,0 - 10,
180,r8imrc,cognition,word recall,8,w8 immediate word recall,0 - 10,
181,r6dlrc,cognition,word recall,6,w6 delayed word recall,0 - 10,
182,r8dlrc,cognition,word recall,8,w8 delayed word recall,0 - 10,
183,r6tr20,cognition,word recall,6,w6 recall summary score,0 - 20,
184,r8tr20,cognition,word recall,8,w8 recall summary score,0 - 20,
185,r6mo,cognition,date naming,6,w6 report month correctly,"0 = incorrect, 1 = correct, -18 = NaN, -4 = NaN",
186,r8mo,cognition,date naming,8,w8 report month correctly,"0 = incorrect, 1 = correct, -18 = NaN, -4 = NaN",
187,r6dy,cognition,date naming,6,w6 report day correctly,"0 = incorrect, 1 = correct, -18 = NaN, -4 = NaN",
188,r8dy,cognition,date naming,8,w8 report day correctly,"0 = incorrect, 1 = correct, -18 = NaN, -4 = NaN",
189,r6yr,cognition,date naming,6,w6 report year correctly,"0 = incorrect, 1 = correct, -18 = NaN, -4 = NaN",
190,r8yr,cognition,date naming,8,w8 report year correctly,"0 = incorrect, 1 = correct, -18 = NaN, -4 = NaN",
191,r6dw,cognition,date naming,6,w6 report day of the week correctly,"0 = incorrect, 1 = correct, -18 = NaN, -4 = NaN",
192,r8dw,cognition,date naming,8,w8 report day of the week correctly,"0 = incorrect, 1 = correct, -18 = NaN, -4 = NaN",
193,r6orient,cognition,date naming,6,w6 summary of all date namings,0 - 4,
194,r8orient,cognition,date naming,8,w8 summary of all date namings,0 - 4,
195,r6hownrnt,financial,home ownership,6,"w6 owns their current residence, at least in part","1 = yes, 2 = rent, 3 = not own or rent, -18 = NaN, -13 = NaN, -4 = NaN",
196,r8hownrnt,financial,home ownership,8,"w8 owns their current residence, at least in part","1 = yes, 2 = rent, 3 = not own or rent, -18 = NaN, -13 = NaN, -4 = NaN",
197,h6hownrnt,financial,home ownership,6,"w6 respondent and/or spouse owns their current residence, at least in part","1 = own, 2 = rent, 3 = not own or rent, -18 = NaN, -13 = NaN, -4 = NaN",
198,h8hownrnt,financial,home ownership,8,"w8 respondent and/or spouse owns their current residence, at least in part","1 = own, 2 = rent, 3 = not own or rent, -18 = NaN, -13 = NaN, -4 = NaN",
199,h6coresd,family structure,family structure,6,w6 any child co-resides,"0 = no, 1 = yes, -11 = NaN",
200,h8coresd,family structure,family structure,8,w8 any child co-resides,"0 = no, 1 = yes, -11 = NaN",
201,r6kcntf,family structure,family structure,6,w6 any weekly contact with children in person,"0 = no contact, 1 = yes contact, -18 = NaN, -14 = NaN, -13 = NaN, -11 = NaN, -8 = NaN, -3 = NaN",
202,r8kcntf,family structure,family structure,8,w8 any weekly contact with children in person,"0 = no contact, 1 = yes contact, -18 = NaN, -14 = NaN, -13 = NaN, -11 = NaN, -8 = NaN, -3 = NaN",
203,r6kcntpm,family structure,family structure,6,w6 any weekly contact with children by phone/email,"0 = no contact, 1 = yes contact, -18 = NaN, -14 = NaN, -13 = NaN, -11 = NaN, -8 = NaN, -3 = NaN",
204,r8kcntpm,family structure,family structure,8,w8 any weekly contact with children by phone/email,"0 = no contact, 1 = yes contact, -18 = NaN, -14 = NaN, -13 = NaN, -11 = NaN, -8 = NaN, -3 = NaN",
205,r6rcntf,family structure,family structure,6,w6 any weekly contact w/ relative in person,"0 = no contact, 1 = yes contact, -18 = NaN, -14 = NaN, -13 = NaN, -11 = NaN, -8 = NaN, -3 = NaN",
206,r8rcntf,family structure,family structure,8,w8 any weekly contact w/ relative in person,"0 = no contact, 1 = yes contact, -18 = NaN, -14 = NaN, -13 = NaN, -11 = NaN, -8 = NaN, -3 = NaN",
207,r6rcntpm,family structure,family structure,6,w6 any weekly contact w/ relative-phone/email,"0 = no contact, 1 = yes contact, -18 = NaN, -14 = NaN, -13 = NaN, -11 = NaN, -8 = NaN, -3 = NaN",
208,r8rcntpm,family structure,family structure,8,w8 any weekly contact w/ relative-phone/email,"0 = no contact, 1 = yes contact, -18 = NaN, -14 = NaN, -13 = NaN, -11 = NaN, -8 = NaN, -3 = NaN",
209,r6rcnt,family structure,family structure,6,w6 any weekly contact w/ relative in person/phone/email,"0 = no contact, 1 = yes contact, -18 = NaN, -14 = NaN, -13 = NaN, -11 = NaN, -8 = NaN, -3 = NaN",
210,r8rcnt,family structure,family structure,8,w8 any weekly contact w/ relative in person/phone/email,"0 = no contact, 1 = yes contact, -18 = NaN, -14 = NaN, -13 = NaN, -11 = NaN, -8 = NaN, -3 = NaN",
211,r6fcntf,family structure,friends,6,w6 any weekly contact w/ friend in person,"0 = no contact, 1 = yes contact, -18 = NaN, -14 = NaN, -13 = NaN, -11 = NaN, -8 = NaN, -3 = NaN",
212,r8fcntf,family structure,friends,8,w8 any weekly contact w/ friend in person,"0 = no contact, 1 = yes contact, -18 = NaN, -14 = NaN, -13 = NaN, -11 = NaN, -8 = NaN, -3 = NaN",
213,r6fcntpm,family structure,friends,6,w6 any weekly contact w/ friend phone/email,"0 = no contact, 1 = yes contact, -18 = NaN, -14 = NaN, -13 = NaN, -11 = NaN, -8 = NaN, -3 = NaN",
214,r8fcntpm,family structure,friends,8,w8 any weekly contact w/ friend phone/email,"0 = no contact, 1 = yes contact, -18 = NaN, -14 = NaN, -13 = NaN, -11 = NaN, -8 = NaN, -3 = NaN",
215,r6fcnt,family structure,friends,6,w6 any weekly contact w/ friend in person/phone/email,"0 = no contact, 1 = yes contact, -18 = NaN, -14 = NaN, -13 = NaN, -11 = NaN, -8 = NaN, -3 = NaN",
216,r8fcnt,family structure,friends,8,w8 any weekly contact w/ friend in person/phone/email,"0 = no contact, 1 = yes contact, -18 = NaN, -14 = NaN, -13 = NaN, -11 = NaN, -8 = NaN, -3 = NaN",
217,r6rfcntf,family structure,friends,6,w6 any weekly contact w/ relative or friend in person,"0 = no contact, 1 = yes contact, -18 = NaN, -14 = NaN, -13 = NaN, -11 = NaN, -8 = NaN, -3 = NaN",
218,r8rfcntf,family structure,friends,8,w8 any weekly contact w/ relative or friend in person,"0 = no contact, 1 = yes contact, -18 = NaN, -14 = NaN, -13 = NaN, -11 = NaN, -8 = NaN, -3 = NaN",
219,r6rfcntpm,family structure,friends,6,"w6 any weekly contact w/ relative or friend via phone, mail, email or text","0 = no contact, 1 = yes contact, -18 = NaN, -14 = NaN, -13 = NaN, -11 = NaN, -8 = NaN, -3 = NaN",
220,r8rfcntpm,family structure,friends,8,"w8 any weekly contact w/ relative or friend via phone, mail, email or text","0 = no contact, 1 = yes contact, -18 = NaN, -14 = NaN, -13 = NaN, -11 = NaN, -8 = NaN, -3 = NaN",
221,r6socyr,family structure,social activity,6,w6 participate in social activities,"0 = no, 1 = yes, -18 = NaN, -13 = NaN, -9 = NaN, -3 = NaN",
222,r8socyr,family structure,social activity,8,w8 participate in social activities,"0 = no, 1 = yes, -18 = NaN, -13 = NaN, -9 = NaN, -3 = NaN",
223,r6work,employment,current work,6,w6 working for pay,"0 = not working for pay, 1 = yes working for pay",
224,r8work,employment,current work,8,w8 working for pay,"0 = not working for pay, 1 = yes working for pay",
225,r6work2,employment,current work,6,w6 working a second job,"0 = not working for pay, 1 = yes working for pay, -18 = NaN, -4 = NaN",
226,r8work2,employment,current work,8,w8 working a second job,"0 = not working for pay, 1 = yes working for pay, -18 = NaN, -4 = NaN",
227,r6slfemp,employment,current work,6,w6 self-employed,"0 = no, 1 = yes, -18 = NaN, -4 = NaN",
228,r8slfemp,employment,current work,8,w8 self-employed,"0 = no, 1 = yes, -18 = NaN, -4 = NaN",
229,r6lbrf_e,employment,current work,6,w6 labor force status,"1 = employed, 2 = self-employed, 3 = unemployed, 4 = partly retired, 5 = retired, 6 = disabled,  7 = looking after home or family, -15 = NaN",
230,r8lbrf_e,employment,current work,8,w8 labor force status,"1 = employed, 2 = self-employed, 3 = unemployed, 4 = partly retired, 5 = retired, 6 = disabled,  7 = looking after home or family, -15 = NaN",
231,r6inlbrf,employment,current work,6,w6 labor force status binary,"0 = retired disabled or looking after home or family, 1 = employed self-employed unemployed or partly retired, -15 = NaN",
232,r8inlbrf,employment,current work,8,w8 labor force status binary,"0 = retired disabled or looking after home or family, 1 = employed self-employed unemployed or partly retired, -15 = NaN",
233,r6nssec8,employment,current work,6,w6 job SES classification,"1 = higher managerial and professional occupations, 2 = lower managerial and professional occupations, 3 = intermediate occupations, 4 = small employers and own account workers, 5 = lower supervisory and technical occupations, 6 = semi-routine occupations,  7 = routine occupations, -23 = NaN, -15 = NaN",
234,r8nssec8,employment,current work,8,w8 job SES classification,"1 = higher managerial and professional occupations, 2 = lower managerial and professional occupations, 3 = intermediate occupations, 4 = small employers and own account workers, 5 = lower supervisory and technical occupations, 6 = semi-routine occupations,  7 = routine occupations, -23 = NaN, -15 = NaN",
235,r6jrsleft,employment,employment history,6,w6 main reason to stop working,"1 = retired, 2 = fired, 3 = laid off, 4 = health reason, 5 = family reason, 6 = new job, 7 = quit, 8 = other, -23 = NaN, -19 = NaN, -14 = NaN, -13 = NaN",
236,r8jrsleft,employment,employment history,8,w8 main reason to stop working,"1 = retired, 2 = fired, 3 = laid off, 4 = health reason, 5 = family reason, 6 = new job, 7 = quit, 8 = other, -23 = NaN, -19 = NaN, -14 = NaN, -13 = NaN",
237,r6liv10,retirement,self-reported pr of living,6,w6 probability of living to 75-120,0 - 100,
238,r8liv10,retirement,self-reported pr of living,8,w8 probability of living to 75-120,0 - 100,
239,r6pubpen,pension,public pension,6,w6 receives public pension,"0 = no, 1 = yes, -18 = NaN, -13 = NaN, -4 = NaN",
240,r8pubpen,pension,public pension,8,w8 receives public pension,"0 = no, 1 = yes, -18 = NaN, -13 = NaN, -4 = NaN",
241,r6peninc,pension,public pension,6,w6 currently receiving public pension,"0 = no, 1 = yes",
242,r8peninc,pension,public pension,8,w8 currently receiving public pension,"0 = no, 1 = yes",
243,r6walkpain,physical measures,walking pain,6,w6 had pain during walking test,"0 = no, 1 = yes",
244,r8walkpain,physical measures,walking pain,8,w8 had pain during walking test,"0 = no, 1 = yes",
245,r6systo,physical measures,systolic bp,6,w6 average systolic bp,0 - 250,
246,r8systo,physical measures,systolic bp,8,w8 average systolic bp,0 - 250,
247,r6diasto,physical measures,diastolic bp,6,w6 average diastolic bp,0 - 250,
248,r8diasto,physical measures,diastolic bp,8,w8 average diastolic bp,0 - 250,
249,r6pulse,physical measures,pulse,6,w6 average pulse,0 - 250,
250,r8pulse,physical measures,pulse,8,w8 average pulse,0 - 250,
251,r6dresshlp,assistance and caregiving,ADL assistance,6,w6 anyone helps the respondent dress,"0 = nobody helps, 1 = someone helps, -24 = no difficulty",
252,r8dresshlp,assistance and caregiving,ADL assistance,8,w8 anyone helps the respondent dress,"0 = nobody helps, 1 = someone helps, -24 = no difficulty",
253,r6walkhlp,assistance and caregiving,ADL assistance,6,w6 anyone helps the respondent walk,"0 = nobody helps, 1 = someone helps, -24 = no difficulty",
254,r8walkhlp,assistance and caregiving,ADL assistance,8,w8 anyone helps the respondent walk,"0 = nobody helps, 1 = someone helps, -24 = no difficulty",
255,r6bathehlp,assistance and caregiving,ADL assistance,6,w6 anyone helps the respondent bathe,"0 = nobody helps, 1 = someone helps, -24 = no difficulty",
256,r8bathehlp,assistance and caregiving,ADL assistance,8,w8 anyone helps the respondent bathe,"0 = nobody helps, 1 = someone helps, -24 = no difficulty",
257,r6eathlp,assistance and caregiving,ADL assistance,6,w6 anyone helps the respondent eat,"0 = nobody helps, 1 = someone helps, -24 = no difficulty",
258,r8eathlp,assistance and caregiving,ADL assistance,8,w8 anyone helps the respondent eat,"0 = nobody helps, 1 = someone helps, -24 = no difficulty",
259,r6bedhlp,assistance and caregiving,ADL assistance,6,w6 anyone helps the respondent in and out of bed,"0 = nobody helps, 1 = someone helps, -24 = no difficulty",
260,r8bedhlp,assistance and caregiving,ADL assistance,8,w8 anyone helps the respondent in and out of bed,"0 = nobody helps, 1 = someone helps, -24 = no difficulty",
261,r6toilethlp,assistance and caregiving,ADL assistance,6,w6 anyone helps the respondent use the toilet,"0 = nobody helps, 1 = someone helps, -24 = no difficulty",
262,r8toilethlp,assistance and caregiving,ADL assistance,8,w8 anyone helps the respondent use the toilet,"0 = nobody helps, 1 = someone helps, -24 = no difficulty",
263,r6shophlp,assistance and caregiving,IADL assistance,6,w6 anyone helps the respondent with shopping,"0 = nobody helps, 1 = someone helps, -24 = no difficulty",
264,r8shophlp,assistance and caregiving,IADL assistance,8,w8 anyone helps the respondent with shopping,"0 = nobody helps, 1 = someone helps, -24 = no difficulty",
265,r6medhlp,assistance and caregiving,IADL assistance,6,w6 anyone helps the respondent with taking medication,"0 = nobody helps, 1 = someone helps, -24 = no difficulty",
266,r8medhlp,assistance and caregiving,IADL assistance,8,w8 anyone helps the respondent with taking medication,"0 = nobody helps, 1 = someone helps, -24 = no difficulty",
267,r6hswkhlp,assistance and caregiving,IADL assistance,6,w6 anyone helps the respondent with housework,"0 = nobody helps, 1 = someone helps, -24 = no difficulty",
268,r8hswkhlp,assistance and caregiving,IADL assistance,8,w8 anyone helps the respondent with housework,"0 = nobody helps, 1 = someone helps, -24 = no difficulty",
269,r6moneyhlp,assistance and caregiving,IADL assistance,6,w6 anyone helps the respondent management money,"0 = nobody helps, 1 = someone helps, -24 = no difficulty",
270,r8moneyhlp,assistance and caregiving,IADL assistance,8,w8 anyone helps the respondent management money,"0 = nobody helps, 1 = someone helps, -24 = no difficulty",
271,r6walkre,assistance and caregiving,personal aids,6,w6 uses walking aid,"0 = no aid, 1 = yes aid, -24 = no difficulty so not asked",
272,r8walkre,assistance and caregiving,personal aids,8,w8 uses walking aid,"0 = no aid, 1 = yes aid, -24 = no difficulty so not asked",
273,r6eate,assistance and caregiving,personal aids,6,w6 uses eating aid,"0 = no aid, 1 = yes aid, -24 = no difficulty so not asked",
274,r8eate,assistance and caregiving,personal aids,8,w8 uses eating aid,"0 = no aid, 1 = yes aid, -24 = no difficulty so not asked",
275,r6rcany_e,assistance and caregiving,receives care,6,w6 receives any care for adls/iadls/mobility,"0 = difficulty with at least one but doesn't receive help, 1 = difficulty with at least one and receives help, -24 = doesn't have difficulty, -22 = NaN, -21 = NaN, -18 = NaN",
276,r8rcany_e,assistance and caregiving,receives care,8,w8 receives any care for adls/iadls/mobility,"0 = difficulty with at least one but doesn't receive help, 1 = difficulty with at least one and receives help, -24 = doesn't have difficulty, -22 = NaN, -21 = NaN, -18 = NaN",
277,r6racany,assistance and caregiving,receives care,6,w6 receives any care for adls,"0 = difficulty with at least one but doesn't receive help, 1 = difficulty with at least one and receives help, -24 = doesn't have difficulty, -22 = NaN, -21 = NaN, -18 = NaN",
278,r8racany,assistance and caregiving,receives care,8,w8 receives any care for adls,"0 = difficulty with at least one but doesn't receive help, 1 = difficulty with at least one and receives help, -24 = doesn't have difficulty, -22 = NaN, -21 = NaN, -18 = NaN",
279,s6ricany,assistance and caregiving,receives care,6,w6 receives any care for iadls,"0 = difficulty with at least one but doesn't receive help, 1 = difficulty with at least one and receives help, -24 = doesn't have difficulty, -22 = NaN, -21 = NaN, -18 = NaN",
280,s8ricany,assistance and caregiving,receives care,8,w8 receives any care for iadls,"0 = difficulty with at least one but doesn't receive help, 1 = difficulty with at least one and receives help, -24 = doesn't have difficulty, -22 = NaN, -21 = NaN, -18 = NaN",
281,r6rcany,assistance and caregiving,receives care,6,w6 receives any care for adls/iadls,"0 = difficulty with at least one but doesn't receive help, 1 = difficulty with at least one and receives help, -24 = doesn't have difficulty, -22 = NaN, -21 = NaN, -18 = NaN",
282,r8rcany,assistance and caregiving,receives care,8,w8 receives any care for adls/iadls,"0 = difficulty with at least one but doesn't receive help, 1 = difficulty with at least one and receives help, -24 = doesn't have difficulty, -22 = NaN, -21 = NaN, -18 = NaN",
283,r6rcaany_e,assistance and caregiving,informal caregiving,6,w6 receives any informal care for adls/iadls/mo,"0 = no, 1 = yes, -24 = no difficulty",
284,r8rcaany_e,assistance and caregiving,informal caregiving,8,w8 receives any informal care for adls/iadls/mo,"0 = no, 1 = yes, -24 = no difficulty",
285,r6rscare_e,assistance and caregiving,informal caregiving,6,w6 receives informal care spouse adls/iadls/mo,"0 = no assistance, 1 = assistance from spouse, -24 = NaN, -8 = NaN",
286,r8rscare_e,assistance and caregiving,informal caregiving,8,w8 receives informal care spouse adls/iadls/mo,"0 = no assistance, 1 = assistance from spouse, -24 = NaN, -8 = NaN",
287,r6rccare_e,assistance and caregiving,informal caregiving,6,w6 receives informal care kids/grandkids,"0 = no assistance, 1 = assistance from spouse, -24 = NaN, -8 = NaN",
288,r8rccare_e,assistance and caregiving,informal caregiving,8,w8 receives informal care kids/grandkids,"0 = no assistance, 1 = assistance from spouse, -24 = NaN, -8 = NaN",
289,r6rrcare_e,assistance and caregiving,informal caregiving,6,w6 receives informal care from relatives for ad,"0 = no assistance, 1 = assistance from spouse, -24 = NaN, -8 = NaN",
290,r8rrcare_e,assistance and caregiving,informal caregiving,8,w8 receives informal care from relatives for ad,"0 = no assistance, 1 = assistance from spouse, -24 = NaN, -8 = NaN",
291,r6rfcare_e,assistance and caregiving,informal caregiving,6,w6 receives informal care from non-relatives,"0 = no assistance, 1 = assistance from spouse, -24 = NaN, -8 = NaN",
292,r8rfcare_e,assistance and caregiving,informal caregiving,8,w8 receives informal care from non-relatives,"0 = no assistance, 1 = assistance from spouse, -24 = NaN, -8 = NaN",
293,r6rfaany_e,assistance and caregiving,formal care,6,w6 receive formal care,"0 = no, 1 = yes, - 24 = no difficulties",
294,r8rfaany_e,assistance and caregiving,formal care,8,w8 receive formal care,"0 = no, 1 = yes, - 24 = no difficulties",
295,r6rpfcare_e,assistance and caregiving,formal care,6,w6 care from paid professionals,"0 = no, 1 = yes, -24 = no help received, -8 = NaN",
296,r8rpfcare_e,assistance and caregiving,formal care,8,w8 care from paid professionals,"0 = no, 1 = yes, -24 = no help received, -8 = NaN",
297,r6rufcare_e,assistance and caregiving,formal care,6,w6 receives formal care from unpaid profession,"0 = no, 1 = yes, - 24 = no difficulties, -8 = NaN",
298,r8rufcare_e,assistance and caregiving,formal care,8,w8 receives formal care from unpaid profession,"0 = no, 1 = yes, - 24 = no difficulties, -8 = NaN",
299,r6gcare1m,assistance and caregiving,formal care,6,w6 provided any informal care last month,"0 = no, 1 = yes, -18 = no difficulties",
300,r8gcare1m,assistance and caregiving,formal care,8,w8 provided any informal care last month,"0 = no, 1 = yes, -18 = no difficulties",
301,r6gcare1w,assistance and caregiving,formal care,6,w6 provided any informal care last week,"0 = no, 1 = yes, -18 = no difficulties, -18 = NaN, -4 = NaN",
302,r8gcare1w,assistance and caregiving,formal care,8,w8 provided any informal care last week,"0 = no, 1 = yes, -18 = no difficulties, -18 = NaN, -4 = NaN",
303,ramischlth,stress,childhood/lifetime stress,both,missed school for 1+ mo due to health,"0 = no, 1 = yes, 13 = NaN, -4 = NaN, -1 = NaN",
304,rapabused,stress,childhood/lifetime stress,both,before age 16 r was physically abused by either parent,"0 = no, 1 = yes, 13 = NaN, -4 = NaN, -1 = NaN",
305,rapadrug,stress,childhood/lifetime stress,both,before age 16 r's parent drank excessively/took drugs/had mental health problems,"0 = no, 1 = yes, 13 = NaN, -4 = NaN, -1 = NaN",
306,ranadise,stress,childhood/lifetime stress,both,"ever experienced natural disaster, earthwuake, fire, flood","0 = no, 1 = yes, 13 = NaN, -4 = NaN, -1 = NaN",
307,racombate,stress,childhood/lifetime stress,both,ever fired weapon or was fired at in combat,"0 = no, 1 = yes, 13 = NaN, -4 = NaN, -1 = NaN",
308,raattacke,stress,childhood/lifetime stress,both,ever a victim of serious physical attack,"0 = no, 1 = yes, 13 = NaN, -4 = NaN, -1 = NaN",
309,ralifethe,stress,childhood/lifetime stress,both,ever experienced life-threatening illness or accident,"0 = no, 1 = yes, 13 = NaN, -4 = NaN, -1 = NaN",
310,rasfnhe,stress,childhood/lifetime stress,both,ever experienced severe financial hardship,"0 = no, 1 = yes, 13 = NaN, -4 = NaN, -1 = NaN",
311,rasfnhch,stress,childhood/lifetime stress,both,experienced severe financial hardship in childhood,"1 = age under 16 when happened, 0 = older than 16 or never happened, -13 = NaN, -1 = NaN",
312,ralivdiffch,stress,childhood/lifetime stress,both,before age 16 whether r experienced difficult li,"0 = never lived in home, 1 = lived in children's home orphanage boarding school armed forces mental hospital other hospital POW camp prison, -1 = NaN",
313,rapadivch,stress,childhood/lifetime stress,both,before age 16 whether r's parents separated/divorce,"0 = disagree, 1 = agree, -15 = NaN, -4 = NaN, -1 = NaN",
314,rasepmom,stress,childhood/lifetime stress,both,before age 16 whether r separated from mother for 6 months,"0 = disagree, 1 = agree, -13 = NaN, -4 = NaN, -1 = Nan",
315,ralsevent_e,stress,childhood/lifetime stress,both,summary count of lifetime stressful events,0 - 8,
316,racsevent_e,stress,childhood/lifetime stress,both,summary count of childhood stressful events,0 - 7,
317,r6complac,stress,loneliness,6,w6 how often r feels lack of companionship,"1 = hardly ever or never, 2 = some of the time, 3 = often, -13 = NaN, -3 = NaN",
318,r8complac,stress,loneliness,8,w8 how often r feels lack of companionship,"1 = hardly ever or never, 2 = some of the time, 3 = often, -13 = NaN, -3 = NaN",
319,r6leftout,stress,loneliness,6,w6 how often r feels left out,"1 = hardly ever or never, 2 = some of the time, 3 = often, -13 = NaN, -3 = NaN",
320,r8leftout,stress,loneliness,8,w8 how often r feels left out,"1 = hardly ever or never, 2 = some of the time, 3 = often, -13 = NaN, -3 = NaN",
321,r6isolate,stress,loneliness,6,w6 how often r feels isolated from others,"1 = hardly ever or never, 2 = some of the time, 3 = often, -13 = NaN, -3 = NaN",
322,r8isolate,stress,loneliness,8,w8 how often r feels isolated from others,"1 = hardly ever or never, 2 = some of the time, 3 = often, -13 = NaN, -3 = NaN",
323,r6intune,stress,loneliness,6,w6 how often r feels in tune with the people around,"1 = hardly ever or never, 2 = some of the time, 3 = often, -13 = NaN, -3 = NaN",
324,r8intune,stress,loneliness,8,w8 how often r feels in tune with the people around,"1 = hardly ever or never, 2 = some of the time, 3 = often, -13 = NaN, -3 = NaN",
325,r6lnlys,stress,loneliness,6,w6 r's 4-item loneliness summary mean score,0 - 3,
326,r8lnlys,stress,loneliness,8,w8 r's 4-item loneliness summary mean score,0 - 3,
327,r6lifein,eol planning,insurance,6,w6 covered by life insurance,"0 = not covered, 1 = covered, -18 = NaN, -13 = NaN, -4 = Nan",
328,r8lifein,eol planning,insurance,8,w8 covered by life insurance,"0 = not covered, 1 = covered, -18 = NaN, -13 = NaN, -4 = Nan",
329,ramomeduage,childhood,ses,both,age mother finished education,"1 = never went, 2 = < 14, 3 = 15, 4 = 16, 5 = 17, 6 = 18, 7 = 19+, -4 = NaN",
330,radadeduage,childhood,ses,both,age father finished education,"1 = never went, 2 = < 14, 3 = 15, 4 = 16, 5 = 17, 6 = 18, 7 = 19+, -4 = NaN",
331,r6lideal,psychosocial,satisfaction with life,6,w6 r life is close to ideal 7-point,"1 = strongly disagree, 2 = disagree, 3 = slightly disagree, 4 = neither agree nor disagree, 5 = slightly agree, 6 = agree, 7 = strongly agree, -13 = NaN, -3 = NaN",
332,r8lideal,psychosocial,satisfaction with life,8,w8 r life is close to ideal 7-point,"1 = strongly disagree, 2 = disagree, 3 = slightly disagree, 4 = neither agree nor disagree, 5 = slightly agree, 6 = agree, 7 = strongly agree, -13 = NaN, -3 = NaN",
333,r6lexcl,psychosocial,satisfaction with life,6,w6 r life conditions are excellent 7-point,"1 = strongly disagree, 2 = disagree, 3 = slightly disagree, 4 = neither agree nor disagree, 5 = slightly agree, 6 = agree, 7 = strongly agree, -13 = NaN, -3 = NaN",
334,r8lexcl,psychosocial,satisfaction with life,8,w8 r life conditions are excellent 7-point,"1 = strongly disagree, 2 = disagree, 3 = slightly disagree, 4 = neither agree nor disagree, 5 = slightly agree, 6 = agree, 7 = strongly agree, -13 = NaN, -3 = NaN",
335,r6lstsf,psychosocial,satisfaction with life,6,w6 r satisfied with life 7-point,"1 = strongly disagree, 2 = disagree, 3 = slightly disagree, 4 = neither agree nor disagree, 5 = slightly agree, 6 = agree, 7 = strongly agree, -13 = NaN, -3 = NaN",
336,r8lstsf,psychosocial,satisfaction with life,8,w8 r satisfied with life 7-point,"1 = strongly disagree, 2 = disagree, 3 = slightly disagree, 4 = neither agree nor disagree, 5 = slightly agree, 6 = agree, 7 = strongly agree, -13 = NaN, -3 = NaN",
337,r6limptt,psychosocial,satisfaction with life,6,w6 r gotten important things in life 7-point,"1 = strongly disagree, 2 = disagree, 3 = slightly disagree, 4 = neither agree nor disagree, 5 = slightly agree, 6 = agree, 7 = strongly agree, -13 = NaN, -3 = NaN",
338,r8limptt,psychosocial,satisfaction with life,8,w8 r gotten important things in life 7-point,"1 = strongly disagree, 2 = disagree, 3 = slightly disagree, 4 = neither agree nor disagree, 5 = slightly agree, 6 = agree, 7 = strongly agree, -13 = NaN, -3 = NaN",
339,r6lchnot,psychosocial,satisfaction with life,6,w6 r change almost nothing if lived again 7-point,"1 = strongly disagree, 2 = disagree, 3 = slightly disagree, 4 = neither agree nor disagree, 5 = slightly agree, 6 = agree, 7 = strongly agree, -13 = NaN, -3 = NaN",
340,r8lchnot,psychosocial,satisfaction with life,8,w8 r change almost nothing if lived again 7-point,"1 = strongly disagree, 2 = disagree, 3 = slightly disagree, 4 = neither agree nor disagree, 5 = slightly agree, 6 = agree, 7 = strongly agree, -13 = NaN, -3 = NaN",
341,r6lsatsc,psychosocial,satisfaction with life,6,w6 r satisfaction with life scale score (7pt),0 - 7,
342,r8lsatsc,psychosocial,satisfaction with life,8,w8 r satisfaction with life scale score (7pt),0 - 7,
343,r6satlife_e,psychosocial,satisfaction with life,6,w6 r satisfaction with life,"1 = strongly agree, 2 = agree, 3 = slightly agree, 4 = neither agree nor disagree, 5 = slightly disagree, 6 = disagree, 7 = strongly disagree, -13 = NaN, -3 = NaN",
344,r8satlife_e,psychosocial,satisfaction with life,8,w8 r satisfaction with life,"1 = strongly agree, 2 = agree, 3 = slightly agree, 4 = neither agree nor disagree, 5 = slightly disagree, 6 = disagree, 7 = strongly disagree, -13 = NaN, -3 = NaN",
347,r6cantril,psychosocial,ses,6,w6 r cantril ladder rating,0 - 10,
348,r8cantril,psychosocial,ses,8,w8 r cantril ladder rating,0 - 10,
349,r6cntrlndx6,psychosocial,CASP,6,w6 CASP: r 6-item control index,0 - 18,
350,r8cntrlndx6,psychosocial,CASP,8,w8 CASP: r 6-item control index,0 - 18,
351,r6autondx5,psychosocial,CASP,6,w6 CASP: r 5-item autonomy index,0 - 15,
352,r8autondx5,psychosocial,CASP,8,w8 CASP: r 5-item autonomy index,0 - 15,
353,r6plsrndx4,psychosocial,CASP,6,w6 CASP: r 4-item pleasure index,0 - 12,
354,r8plsrndx4,psychosocial,CASP,8,w8 CASP: r 4-item pleasure index,0 - 12,
355,r6slfrlndx4,psychosocial,CASP,6,w6 CASP: r 4-item self-realization index,0 - 12,
356,r8slfrlndx4,psychosocial,CASP,8,w8 CASP: r 4-item self-realization index,0 - 12,
357,r6casp19,psychosocial,CASP,6,w6 CASP: r 19-item total index,0 - 57,
358,r8casp19,psychosocial,CASP,8,w8 CASP: r 19-item total index,0 - 57,
359,r6ydhappy_e,psychosocial,well-being,6,w6 how happy r felt yesterday,0 - 10,
360,r8ydhappy_e,psychosocial,well-being,8,w8 how happy r felt yesterday,0 - 10,
